schemaname,functionname,result_type,argument_types,function_type,definition
public,is_room_participant,boolean,check_room_id uuid,normal,"
    BEGIN
      RETURN EXISTS (
        SELECT 1 FROM public.chat_participants
        WHERE room_id = check_room_id
        AND user_id = auth.uid()
      );
    END;
    "
public,handle_new_user,trigger,,normal,"begin
  insert into public.users (id, email)
  values (new.id, new.email);
  return new;
end;"
public,invite_to_group,uuid,"p_room_id uuid, p_invitee_id uuid",normal,"
DECLARE
  v_inviter_id uuid := auth.uid();
  v_is_matched boolean;
  v_invitation_id uuid;
BEGIN
  -- 1. Verify inviter is in the room
  IF NOT EXISTS (SELECT 1 FROM public.chat_participants WHERE room_id = p_room_id AND user_id = v_inviter_id) THEN
    RAISE EXCEPTION 'You are not a participant of this room.';
  END IF;

  -- 2. Verify inviter and invitee are matched
  SELECT EXISTS (
    SELECT 1 FROM public.matches 
    WHERE (user1_id = v_inviter_id AND user2_id = p_invitee_id)
       OR (user1_id = p_invitee_id AND user2_id = v_inviter_id)
  ) INTO v_is_matched;

  IF NOT v_is_matched THEN
    RAISE EXCEPTION 'You can only invite users you have matched with.';
  END IF;
  
  -- 3. Verify room is a group room
  IF NOT EXISTS (SELECT 1 FROM public.chat_rooms WHERE id = p_room_id AND type = 'group') THEN
    RAISE EXCEPTION 'Invitations can only be sent for group rooms.';
  END IF;

  -- 4. Check if already invited or already in room
  IF EXISTS (SELECT 1 FROM public.chat_participants WHERE room_id = p_room_id AND user_id = p_invitee_id) THEN
    RAISE EXCEPTION 'User is already in the room.';
  END IF;

  IF EXISTS (SELECT 1 FROM public.group_invitations WHERE room_id = p_room_id AND invitee_id = p_invitee_id AND status = 'pending') THEN
    RAISE EXCEPTION 'User already has a pending invitation for this room.';
  END IF;

  INSERT INTO public.group_invitations (room_id, inviter_id, invitee_id)
  VALUES (p_room_id, v_inviter_id, p_invitee_id)
  RETURNING id INTO v_invitation_id;

  RETURN v_invitation_id;
END;
"
public,accept_group_invitation,void,p_invitation_id uuid,normal,"
DECLARE
  v_invitee_id uuid := auth.uid();
  v_room_id uuid;
  v_status varchar;
BEGIN
  SELECT room_id, status INTO v_room_id, v_status
  FROM public.group_invitations
  WHERE id = p_invitation_id AND invitee_id = v_invitee_id;

  IF v_room_id IS NULL THEN
    RAISE EXCEPTION 'Invitation not found or you are not the invitee.';
  END IF;

  IF v_status != 'pending' THEN
    RAISE EXCEPTION 'Invitation is no longer pending.';
  END IF;

  -- Update status
  UPDATE public.group_invitations
  SET status = 'accepted'
  WHERE id = p_invitation_id;

  -- Add to participants
  INSERT INTO public.chat_participants (room_id, user_id)
  VALUES (v_room_id, v_invitee_id)
  ON CONFLICT DO NOTHING;
END;
"
public,check_and_create_match,trigger,,normal,"DECLARE
  v_user1 uuid;
  v_user2 uuid;
  v_match_exists boolean;
  v_room_id uuid;
  v_user3 uuid;
  v_user4 uuid;
  v_group_room_id uuid;
  v_name1 character varying;
  v_name2 character varying;
  v_name3 character varying;
  v_name4 character varying;
  v_group_name character varying;
BEGIN
  -- Only proceed if it's a right swipe (is_liked = true)
  IF NEW.is_liked = true THEN
    -- Check if the other user has already swiped right on this user
    IF EXISTS (
      SELECT 1 FROM public.swipes
      WHERE swiper_id = NEW.swiped_id
        AND swiped_id = NEW.swiper_id
        AND is_liked = true
    ) THEN
      -- Determine user1_id and user2_id based on alphabetical order to maintain consistency
      IF NEW.swiper_id < NEW.swiped_id THEN
        v_user1 := NEW.swiper_id;
        v_user2 := NEW.swiped_id;
      ELSE
        v_user1 := NEW.swiped_id;
        v_user2 := NEW.swiper_id;
      END IF;

      -- Check if match already exists to prevent duplicate matches
      SELECT EXISTS (
        SELECT 1 FROM public.matches 
        WHERE user1_id = v_user1 AND user2_id = v_user2
      ) INTO v_match_exists;

      IF NOT v_match_exists THEN
        -- Insert new match
        INSERT INTO public.matches (user1_id, user2_id)
        VALUES (v_user1, v_user2);
        
        -- Automatically create a personal chat room for the matched users
        INSERT INTO public.chat_rooms (type) VALUES ('personal') RETURNING id INTO v_room_id;
        
        -- Add both users as participants
        INSERT INTO public.chat_participants (room_id, user_id) VALUES (v_room_id, v_user1);
        INSERT INTO public.chat_participants (room_id, user_id) VALUES (v_room_id, v_user2);
        
        -- ==========================================
        -- 4-WAY CLIQUE DETECTION (TARGETED SEARCH)
        -- ==========================================
        WITH user1_matches AS (
            SELECT CASE WHEN user1_id = v_user1 THEN user2_id ELSE user1_id END AS matched_user
            FROM public.matches WHERE user1_id = v_user1 OR user2_id = v_user1
        ),
        user2_matches AS (
            SELECT CASE WHEN user1_id = v_user2 THEN user2_id ELSE user1_id END AS matched_user
            FROM public.matches WHERE user1_id = v_user2 OR user2_id = v_user2
        ),
        common_matches AS (
            SELECT u1.matched_user
            FROM user1_matches u1
            JOIN user2_matches u2 ON u1.matched_user = u2.matched_user
        )
        SELECT c1.matched_user, c2.matched_user
        INTO v_user3, v_user4
        FROM common_matches c1
        JOIN common_matches c2 ON c1.matched_user < c2.matched_user
        JOIN public.matches m ON 
            (m.user1_id = c1.matched_user AND m.user2_id = c2.matched_user) OR 
            (m.user1_id = c2.matched_user AND m.user2_id = c1.matched_user)
        LIMIT 1;

        IF v_user3 IS NOT NULL AND v_user4 IS NOT NULL THEN
            -- Fetch first names of the 4 users
            SELECT split_part(full_name, ' ', 1) INTO v_name1 FROM public.users WHERE id = v_user1;
            SELECT split_part(full_name, ' ', 1) INTO v_name2 FROM public.users WHERE id = v_user2;
            SELECT split_part(full_name, ' ', 1) INTO v_name3 FROM public.users WHERE id = v_user3;
            SELECT split_part(full_name, ' ', 1) INTO v_name4 FROM public.users WHERE id = v_user4;
            
            v_group_name := v_name1 || ', ' || v_name2 || ', ' || v_name3 || ', ' || v_name4;

            -- 4-Clique Found! Create a group chat room with combined names
            INSERT INTO public.chat_rooms (type, name) VALUES ('group', v_group_name) RETURNING id INTO v_group_room_id;
            
            -- Insert all 4 users into the group room
            INSERT INTO public.chat_participants (room_id, user_id) VALUES (v_group_room_id, v_user1);
            INSERT INTO public.chat_participants (room_id, user_id) VALUES (v_group_room_id, v_user2);
            INSERT INTO public.chat_participants (room_id, user_id) VALUES (v_group_room_id, v_user3);
            INSERT INTO public.chat_participants (room_id, user_id) VALUES (v_group_room_id, v_user4);
        END IF;

      END IF;
    END IF;
  END IF;
  
  RETURN NEW;
END;"